{"inputUnits":[63],"outputUnits":3,"inputs":{"0":{"dtype":"number","min":0.16230842471122742,"max":0.9293051362037659},"1":{"dtype":"number","min":0.3017454147338867,"max":0.9921870231628418},"2":{"dtype":"number","min":-7.487183779630868e-7,"max":6.250782007555244e-7},"3":{"dtype":"number","min":0.19041185081005096,"max":0.8704872131347656},"4":{"dtype":"number","min":0.3175291419029236,"max":0.9613945484161377},"5":{"dtype":"number","min":-0.031895630061626434,"max":0.003681622678413987},"6":{"dtype":"number","min":0.2238013744354248,"max":0.8169549703598022},"7":{"dtype":"number","min":0.31281936168670654,"max":0.9187527894973755},"8":{"dtype":"number","min":-0.048027653247117996,"max":-0.00005824442268931307},"9":{"dtype":"number","min":0.2264566421508789,"max":0.8470349311828613},"10":{"dtype":"number","min":0.2758602201938629,"max":0.9254329204559326},"11":{"dtype":"number","min":-0.06603167951107025,"max":-0.010179687291383743},"12":{"dtype":"number","min":0.19412019848823547,"max":0.875440239906311},"13":{"dtype":"number","min":0.23684614896774292,"max":0.9332218170166016},"14":{"dtype":"number","min":-0.08246352523565292,"max":-0.02004733681678772},"15":{"dtype":"number","min":0.18577753007411957,"max":0.8388478755950928},"16":{"dtype":"number","min":0.15474581718444824,"max":0.7981168031692505},"17":{"dtype":"number","min":-0.051349516957998276,"max":0.02993735484778881},"18":{"dtype":"number","min":0.24245162308216095,"max":0.861792266368866},"19":{"dtype":"number","min":0.23330558836460114,"max":0.79323810338974},"20":{"dtype":"number","min":-0.06806030124425888,"max":0.025040458887815475},"21":{"dtype":"number","min":0.21952566504478455,"max":0.8289332389831543},"22":{"dtype":"number","min":0.27085843682289124,"max":0.846204936504364},"23":{"dtype":"number","min":-0.07837361842393875,"max":0.021790117025375366},"24":{"dtype":"number","min":0.2063281536102295,"max":0.8314224481582642},"25":{"dtype":"number","min":0.2642926275730133,"max":0.8979847431182861},"26":{"dtype":"number","min":-0.09705273807048798,"max":0.019416512921452522},"27":{"dtype":"number","min":0.1792554408311844,"max":0.8548579216003418},"28":{"dtype":"number","min":0.13493773341178894,"max":0.777872622013092},"29":{"dtype":"number","min":-0.04888981580734253,"max":0.012306391261518002},"30":{"dtype":"number","min":0.1991080790758133,"max":0.8309329152107239},"31":{"dtype":"number","min":0.24165791273117065,"max":0.7040137052536011},"32":{"dtype":"number","min":-0.06381940841674805,"max":0.0041521466337144375},"33":{"dtype":"number","min":0.22089910507202148,"max":0.8370056748390198},"34":{"dtype":"number","min":0.2400386929512024,"max":0.7031572461128235},"35":{"dtype":"number","min":-0.06923659890890121,"max":-0.0038775692228227854},"36":{"dtype":"number","min":0.20928163826465607,"max":0.8437496423721313},"37":{"dtype":"number","min":0.22172440588474274,"max":0.7299626469612122},"38":{"dtype":"number","min":-0.08033984899520874,"max":-0.008938277140259743},"39":{"dtype":"number","min":0.1654297113418579,"max":0.8864083290100098},"40":{"dtype":"number","min":0.13892975449562073,"max":0.8041203618049622},"41":{"dtype":"number","min":-0.05326281487941742,"max":0.009509755298495293},"42":{"dtype":"number","min":0.1474149227142334,"max":0.8855832815170288},"43":{"dtype":"number","min":0.2264290750026703,"max":0.7483541965484619},"44":{"dtype":"number","min":-0.06800022721290588,"max":-0.010152669623494148},"45":{"dtype":"number","min":0.15265004336833954,"max":0.8793454766273499},"46":{"dtype":"number","min":0.2352653294801712,"max":0.8145020008087158},"47":{"dtype":"number","min":-0.07338161021471024,"max":-0.023525569587945938},"48":{"dtype":"number","min":0.16699333488941193,"max":0.8782081007957458},"49":{"dtype":"number","min":0.21913781762123108,"max":0.8670037984848022},"50":{"dtype":"number","min":-0.08037916570901871,"max":-0.023543978109955788},"51":{"dtype":"number","min":0.13668875396251678,"max":0.9267080426216125},"52":{"dtype":"number","min":0.1591862440109253,"max":0.8493949770927429},"53":{"dtype":"number","min":-0.06163829192519188,"max":0.009393674321472645},"54":{"dtype":"number","min":0.10619986802339554,"max":0.9202339053153992},"55":{"dtype":"number","min":0.210630863904953,"max":0.7982187867164612},"56":{"dtype":"number","min":-0.07016386836767197,"max":-0.008174818009138107},"57":{"dtype":"number","min":0.10210197418928146,"max":0.9103012084960938},"58":{"dtype":"number","min":0.2206840217113495,"max":0.8131394982337952},"59":{"dtype":"number","min":-0.07109859585762024,"max":-0.014849504455924034},"60":{"dtype":"number","min":0.11089885979890823,"max":0.9102951288223267},"61":{"dtype":"number","min":0.2372189164161682,"max":0.85653156042099},"62":{"dtype":"number","min":-0.07176711410284042,"max":-0.015662075951695442}},"outputs":{"name":{"dtype":"string","min":0,"max":1,"uniqueValues":["peace-pose","okay-pose","rock-pose"],"legend":{"peace-pose":[1,0,0],"okay-pose":[0,1,0],"rock-pose":[0,0,1]}}},"isNormalized":true}